method,mean_initial,sd_initial,mean_vi,sd_vi,elbo,vi_stepsched
SVI_Ind,21.92958537004085,1.0,30.008109139854167,3.0261490038338583,-1.8964990263017238,25
SVI_Ind,32.454724414093796,1.0,-7.876937842721069,15.740113266687384,-5.4167034254465385,25
SVI_Ind,-23.933654811416393,1.0,-9.548234527527628,15.34508838431208,-4.879512382620212,25
SVI_Ind,47.293143945434615,1.0,3.0431902234946397,16.927343084304198,-5.338901461315861,25
SVI_Ind,-43.1018102310283,1.0,-11.048762013699797,15.138732799719474,-5.273613837191869,25
SVI_Ind,-49.40677514151638,1.0,-29.989220538470555,3.0018710918440648,-1.8921824804407752,25
SVI_Ind,-7.803715173487103,1.0,-29.97780868597324,2.9987486530081817,-1.8768996254506396,25
SVI_Ind,-46.73481954211714,1.0,14.693156024151492,14.254876527677327,-5.227139165994366,25
SVI_Ind,41.01280862352185,1.0,29.979474663536145,2.9949427900219776,-1.8616520129476948,25
SVI_Ind,-2.902105327939564,1.0,-30.000692303485653,2.9956101255264613,-1.8968828509103943,25
SVI_Ind,13.984644781868214,1.0,5.577567600308401,15.9627063132166,-4.978168632634981,25
SVI_Ind,48.48824571892269,1.0,-5.025024028374433,16.41338832178269,-5.038639090531669,25
SVI_Ind,25.984810699517727,1.0,-30.00353528967989,3.0038474629546834,-1.8956490050107293,25
SVI_Ind,27.898699393803355,1.0,29.991448300430395,2.9972206691685037,-1.8847729987538662,25
SVI_Ind,-11.800473028237302,1.0,30.008992289217126,3.034366946010539,-1.8869203431457056,25
SVI_Ind,-16.61288315693081,1.0,29.985670447081226,2.9937094120332524,-1.9099646764676077,25
SVI_Ind,10.006300540544599,1.0,-4.418423866898011,16.466029983280993,-5.105624774165898,25
SVI_Ind,44.53233653874003,1.0,9.907474797355833,15.25122814024388,-5.198428630488346,25
SVI_Ind,6.640996853209014,1.0,-29.99268540446363,3.023128311706226,-1.8689755289819212,25
SVI_Ind,28.301560827117033,1.0,-29.993915268516645,3.0076626899122973,-1.8855471174593053,25
SVI_Ind,-22.908422602843824,1.0,0.7102531432251783,16.712435912879386,-5.032491350501652,25
SVI_Ind,30.525129429247308,1.0,1.1166268303119666,16.97786551008246,-5.320421344577972,25
SVI_Ind,-16.76740723955179,1.0,-1.3355955919792204,16.766020455745938,-4.849870833949292,25
SVI_Ind,24.62521947204997,1.0,29.99190854094485,2.9937293383017702,-1.8817867767656318,25
SVI_Ind,10.909743461950006,1.0,-2.8496149414896026,16.73541671300668,-5.257243328687045,25
SVI_Ind,-25.40755493359047,1.0,29.984677865091573,3.0112169859032467,-1.9209817362446326,25
SVI_Ind,26.06348308299943,1.0,30.027990425738395,2.9725967667600854,-1.870411720003462,25
SVI_Ind,18.19453453305898,1.0,11.658331550569267,14.919023808265942,-5.6226217295184195,25
SVI_Ind,7.497320372366367,1.0,7.484261530764503,15.909501367056995,-5.17592892459761,25
SVI_Ind,-15.561330045221045,1.0,-4.959802874586538,16.542034223700973,-5.081172729780228,25
SVI_Ind,-19.64495675676737,1.0,2.9311692626809545,17.007197534761186,-5.018371277385583,25
SVI_Ind,11.605319583472404,1.0,-30.007845855159125,3.014049440352236,-1.9328690158296702,25
SVI_Ind,-37.92071717655775,1.0,-6.778591627352192,16.095969844390353,-5.111905586232108,25
SVI_Ind,42.782394226957024,1.0,29.9919920418084,2.9901434143550705,-1.964338430430013,25
SVI_Ind,-45.771870673943866,1.0,30.001792891076263,3.0091083142435044,-1.9041248968836406,25
SVI_Ind,-12.917652678934589,1.0,-30.008708811863027,2.9834573826558524,-1.8709701915254486,25
SVI_Ind,-22.897275064910808,1.0,30.006284137307855,2.9759472911174454,-1.9110220334096342,25
SVI_Ind,33.95678065361181,1.0,-30.00987267084465,3.0074594313553535,-1.9270976722278128,25
SVI_Ind,-49.98938763263028,1.0,5.672035218720259,16.311292344733538,-5.412736383650284,25
SVI_Ind,33.83990180305469,1.0,-29.985388257871747,2.9998121420027424,-1.897463496561926,25
SVI_Ind,18.02298369310285,1.0,-0.44595000243751004,17.123587995954413,-4.8157986667526895,25
SVI_Ind,-17.150811030694722,1.0,8.51912904705884,15.717794526532609,-5.4849546081164124,25
SVI_Ind,-5.766275316187742,1.0,-30.016783414109437,2.9885282354074185,-1.894972313722553,25
SVI_Ind,35.06100712463387,1.0,3.4075589144587264,16.48316330730394,-5.275776188925583,25
SVI_Ind,-18.011356792996843,1.0,4.612236928684116,16.425621884706917,-5.171689076282777,25
SVI_Ind,14.061640867603895,1.0,14.347933215753109,14.274246730760972,-5.44555130368949,25
SVI_Ind,-4.241854452172311,1.0,-3.4018296384952067,16.56916192450051,-5.135376528722025,25
SVI_Ind,-35.06901163226341,1.0,0.8623206116725406,17.145439785735388,-5.379173037464234,25
SVI_Ind,-25.058459397963187,1.0,29.986332739216554,2.9947511971749052,-1.9126592189339293,25
SVI_Ind,-29.89503309279822,1.0,-3.7490485093413626,16.715634359157388,-4.819150722397193,25
SVI_Ind,16.954515343616773,1.0,29.997023021611938,2.983268073648046,-1.9276550528545426,25
SVI_Ind,-47.58181309922816,1.0,10.570775818100472,15.172030208353554,-5.329410875221438,25
SVI_Ind,-33.4736984099247,1.0,-2.822308271335165,17.016395115271344,-5.019310678658059,25
SVI_Ind,-1.205480217874022,1.0,0.005068136313447019,1.9835585289265207,-0.3625318014745855,25
SVI_Ind,32.473871685398066,1.0,-29.9897994371759,3.0021028148807147,-1.8758817513196906,25
SVI_Ind,-42.21073020503143,1.0,-0.8573661416837305,16.872195724186096,-5.048079205689788,25
SVI_Ind,-26.931016460104185,1.0,-9.684591207320594,15.453246216656824,-5.346978330009399,25
SVI_Ind,-18.938622812492426,1.0,30.024190032541494,2.9933883037005065,-1.8653366847046735,25
SVI_Ind,27.88576460143624,1.0,-10.33847933080323,15.274797903788459,-5.212750171717374,25
SVI_Ind,21.21677033906768,1.0,29.992542185932486,3.002668282597148,-1.9140331623352242,25
SVI_Ind,-30.161372938401183,1.0,-29.985019488303422,2.9965128518089394,-1.9121021668507687,25
SVI_Ind,-44.26493532273537,1.0,12.847578789664587,14.640965094668193,-5.538088353563492,25
SVI_Ind,-21.573936166232343,1.0,29.998133176804608,3.0107257120423268,-1.9095666232836082,25
SVI_Ind,-42.940681416589634,1.0,3.8616137964179233,16.90913811928226,-5.274595406001021,25
SVI_Ind,4.9323700908728725,1.0,1.9342515503224327,16.91126191297954,-5.12788892448812,25
SVI_Ind,31.467790576172447,1.0,-29.99927412939018,3.0075692061916453,-1.8824783687347937,25
SVI_Ind,5.643635613149245,1.0,15.47526997129897,13.966146187447915,-5.4557150916632775,25
SVI_Ind,39.20639097412829,1.0,30.018765651622772,3.011025651652317,-1.8832419023620686,25
SVI_Ind,-43.002565669623316,1.0,7.816591691077008,15.942867501850396,-5.071588875341249,25
SVI_Ind,-9.784252501459845,1.0,-7.767364950200055,15.782584067028003,-5.0836453477369945,25
SVI_Ind,32.40110901215587,1.0,-19.856045407508233,12.322951003155438,-5.378615171761284,25
SVI_Ind,1.8811197928877088,1.0,29.99258124388391,3.0227789396171043,-1.8706577413920424,25
SVI_Ind,-38.986257394686255,1.0,-15.294853085638104,14.081074056323917,-5.313775317016095,25
SVI_Ind,-49.62784712501497,1.0,15.162497618318605,13.913178897362402,-5.564749781642153,25
SVI_Ind,-3.1649337673945843,1.0,30.012283959143144,3.0019631000448856,-1.860913294481069,25
SVI_Ind,-29.25449425611432,1.0,-30.01468712609796,2.9963965736671843,-1.9084791282887954,25
SVI_Ind,5.823176894493588,1.0,4.98874714221885,16.454606951589412,-5.506009980707219,25
SVI_Ind,-7.5113096295358,1.0,0.0008833090669357664,1.9983926569194883,-0.3720598722471533,25
SVI_Ind,20.764404593474804,1.0,5.231273777595627,16.35713273258572,-5.14032849598282,25
SVI_Ind,-41.36594895653786,1.0,30.015758928876327,3.0108550989427827,-1.9026770930086219,25
SVI_Ind,-25.76199007518094,1.0,-5.901752562753887,16.339977121062827,-5.240716523793786,25
SVI_Ind,20.803682902077657,1.0,29.983612482822167,2.996480785401303,-1.887025461759123,25
SVI_Ind,29.556254676034694,1.0,30.016635883276873,3.0015493407845706,-1.882462623830862,25
SVI_Ind,14.579288920916412,1.0,30.015434449913567,2.9969177045103694,-1.9220465962059903,25
SVI_Ind,-37.19186913193005,1.0,-30.01177031078991,3.0142754539335117,-1.925617337489939,25
SVI_Ind,-47.46810180882081,1.0,29.943077773901994,3.0150938936790204,-1.8963938771416782,25
SVI_Ind,-9.971731400071848,1.0,-0.14689996509537515,17.012801069759202,-5.135185861880401,25
SVI_Ind,15.872320126690385,1.0,29.98429965625412,3.002775523018738,-1.873302550713709,25
SVI_Ind,-19.186723244246405,1.0,5.863082163491829,16.172644653653613,-5.087710235115116,25
SVI_Ind,8.824747160180358,1.0,0.6019073208511738,17.23535700249126,-4.945111350703048,25
SVI_Ind,41.63081137391074,1.0,-6.773234379963029,16.150109964334682,-5.1936738054153295,25
SVI_Ind,-17.948908502387148,1.0,-4.019645225538508,16.721391716323524,-5.4318069386202135,25
SVI_Ind,48.424767157966635,1.0,3.1309668368076857,16.852070710934644,-5.280586715117885,25
SVI_Ind,49.68029695792468,1.0,-14.49082244441235,14.261307276362842,-5.1800966354884945,25
SVI_Ind,21.366136692408922,1.0,30.002321994973226,2.997656251079128,-1.88292401836675,25
SVI_Ind,-40.465790485740854,1.0,29.704491768645134,3.0513959113916247,-1.9839509452158732,25
SVI_Ind,-23.24724330441305,1.0,-4.956100049567549,16.322150072405577,-5.077126213681355,25
SVI_Ind,-32.94282451345643,1.0,-30.003989899676828,3.0201028632649813,-1.8932975657320128,25
SVI_Ind,-17.507886885378387,1.0,-3.5087706356395976,16.920523256212586,-4.988298343138752,25
SVI_Ind,19.483248282064714,1.0,8.31287354248067,15.809268093277495,-4.9460004291436945,25
SVI_Ind,21.92958537004085,1.0,29.97669964134919,3.0075722376019236,-1.8967291489804934,5
SVI_Ind,32.454724414093796,1.0,29.99532037162668,2.992375413345222,-1.9202506098567977,5
SVI_Ind,-23.933654811416393,1.0,-29.982060665000308,3.0034971822984553,-1.850213990164114,5
SVI_Ind,47.293143945434615,1.0,30.036862832851877,3.0033883283410234,-1.9210670258085507,5
SVI_Ind,-43.1018102310283,1.0,-30.0135915839242,2.9955709201558625,-1.8792746072384547,5
SVI_Ind,-49.40677514151638,1.0,-52.81275272567226,90.40741830576712,-390.30736850301344,5
SVI_Ind,-7.803715173487103,1.0,0.01188123200680356,1.998975390303562,-0.336406614107573,5
SVI_Ind,-46.73481954211714,1.0,-30.012498551010992,2.990511974595139,-1.9286523892219707,5
SVI_Ind,41.01280862352185,1.0,-8.345550034532781,46.505041599922095,-35.89130240467667,5
SVI_Ind,-2.902105327939564,1.0,-7.665693759013119,42.95374111341894,-32.653114252846166,5
SVI_Ind,13.984644781868214,1.0,29.996166664422688,2.9986477250730834,-1.8670048433001,5
SVI_Ind,48.48824571892269,1.0,29.99883129877378,3.0096043711597766,-1.8600461035857325,5
SVI_Ind,25.984810699517727,1.0,29.980229647294,3.0065650513740114,-1.8957151036675834,5
SVI_Ind,27.898699393803355,1.0,30.016947331785502,3.011148785305472,-1.8847331568921986,5
SVI_Ind,-11.800473028237302,1.0,3.7416370846190485,17.717482454182935,-5.407344712175661,5
SVI_Ind,-16.61288315693081,1.0,-29.996847389958422,2.9980359010634103,-1.9099949157762621,5
SVI_Ind,10.006300540544599,1.0,0.1342515532008795,17.29648864007977,-4.807613994150861,5
SVI_Ind,44.53233653874003,1.0,30.030651724275785,3.0151448578761166,-1.9063723053960921,5
SVI_Ind,6.640996853209014,1.0,17.099656157878147,78.22473532474694,-169.55198897727436,5
SVI_Ind,28.301560827117033,1.0,30.001189194998673,3.004158500180395,-1.8856252644526679,5
SVI_Ind,-22.908422602843824,1.0,0.9943797904665205,87.79167698224,-239.90053601059523,5
SVI_Ind,30.525129429247308,1.0,30.011468184138355,3.0051512793057715,-1.8212808768286823,5
SVI_Ind,-16.76740723955179,1.0,-29.996898087448294,2.9966139098288695,-1.9346652699674722,5
SVI_Ind,24.62521947204997,1.0,29.972696052690704,3.002048048677382,-1.8812369254939885,5
SVI_Ind,10.909743461950006,1.0,-7.186899137618554,71.68778502157234,-153.03814487280093,5
SVI_Ind,-25.40755493359047,1.0,-29.986550995799867,3.004038291318558,-1.9211234149672065,5
SVI_Ind,26.06348308299943,1.0,30.028530918027002,2.9754172304837136,-1.8703455399996738,5
SVI_Ind,18.19453453305898,1.0,18.836491529608516,12.927753523785222,-5.230981758507645,5
SVI_Ind,7.497320372366367,1.0,0.005311448135744207,2.0038836939666673,-0.3769635135144003,5
SVI_Ind,-15.561330045221045,1.0,-35.122076228397155,45.873999079982454,-69.46707943495575,5
SVI_Ind,-19.64495675676737,1.0,6.5392704103753685,66.46794935003003,-113.76367652582844,5
SVI_Ind,11.605319583472404,1.0,-0.00034321262844848197,2.0048210638037007,-0.39231401795916065,5
SVI_Ind,-37.92071717655775,1.0,-30.051868772082408,3.007011439528898,-1.8901466117460806,5
SVI_Ind,42.782394226957024,1.0,43.39927735860367,107.19911760853162,-551.0971350308937,5
SVI_Ind,-45.771870673943866,1.0,-30.01443843633714,2.9987886359612315,-1.9040997247583151,5
SVI_Ind,-12.917652678934589,1.0,-29.9586465653367,3.0010588019551108,-1.8706482424613236,5
SVI_Ind,-22.897275064910808,1.0,-10.774006575066183,15.225597483646991,-5.733048490324148,5
SVI_Ind,33.95678065361181,1.0,29.996027507392917,3.0088532585066017,-1.9270792251896047,5
SVI_Ind,-49.98938763263028,1.0,64.55838299356422,66.96772578593733,-281.04921618409196,5
SVI_Ind,33.83990180305469,1.0,30.019246053823142,3.0005366868475853,-1.8974765122270258,5
SVI_Ind,18.02298369310285,1.0,29.858046141048753,3.0231944421389603,-1.8880930677507686,5
SVI_Ind,-17.150811030694722,1.0,-29.98752308152875,3.0148273034943873,-1.901380258282785,5
SVI_Ind,-5.766275316187742,1.0,4.133374072280556,14.593743373751359,-5.02792140042664,5
SVI_Ind,35.06100712463387,1.0,29.99623081739161,3.006796522303916,-1.9056360995157426,5
SVI_Ind,-18.011356792996843,1.0,-29.97668288224945,3.013094330568978,-1.8714998879454896,5
SVI_Ind,14.061640867603895,1.0,29.980060265981212,3.0093790511533713,-1.8713229128160442,5
SVI_Ind,-4.241854452172311,1.0,-0.0004985658416189277,2.006463682292894,-0.33213510408646085,5
SVI_Ind,-35.06901163226341,1.0,-29.973460498453882,2.994142954447822,-1.8918524235452607,5
SVI_Ind,-25.058459397963187,1.0,-30.008667492510863,3.002844003643088,-1.9127588278754826,5
SVI_Ind,-29.89503309279822,1.0,-29.983541539849583,3.0041915481898576,-1.8556163212764485,5
SVI_Ind,16.954515343616773,1.0,15.451570019754111,56.043783322566064,-75.88030616198665,5
SVI_Ind,-47.58181309922816,1.0,54.46317177987588,18.492778035574432,-52.8040663144303,5
SVI_Ind,-33.4736984099247,1.0,-29.99651556495535,2.9948296737161546,-1.8964741732434875,5
SVI_Ind,-1.205480217874022,1.0,16.8247947806832,100.67932660415354,-361.849261845905,5
SVI_Ind,32.473871685398066,1.0,23.957287536718994,59.19601357956628,-97.093332798651,5
SVI_Ind,-42.21073020503143,1.0,-30.011410359058182,2.995707940914488,-1.909175822318515,5
SVI_Ind,-26.931016460104185,1.0,-30.02609203488239,3.0076171468565116,-1.9214424872234077,5
SVI_Ind,-18.938622812492426,1.0,-29.966264622732385,3.005178350638463,-1.8649327513512053,5
SVI_Ind,27.88576460143624,1.0,29.99991622586962,2.998200356440423,-1.897035506294924,5
SVI_Ind,21.21677033906768,1.0,29.99269304996479,2.999863979169931,-1.9139999257418356,5
SVI_Ind,-30.161372938401183,1.0,-30.000775731365046,3.0028085981804864,-1.9121782484036824,5
SVI_Ind,-44.26493532273537,1.0,34.03847303744339,64.75296696278431,-173.56754810283743,5
SVI_Ind,-21.573936166232343,1.0,-29.921145726489346,3.005012607021478,-1.9105670893768885,5
SVI_Ind,-42.940681416589634,1.0,64.75254078614996,163.27615804122163,-1266.145127516323,5
SVI_Ind,4.9323700908728725,1.0,-24.416802574550136,44.88936254648575,-53.78592908091638,5
SVI_Ind,31.467790576172447,1.0,29.979049415784555,3.00041137708029,-1.8828166485668936,5
SVI_Ind,5.643635613149245,1.0,10.31821291563983,59.940437562777305,-99.2929627089157,5
SVI_Ind,39.20639097412829,1.0,30.050717881335753,3.0032656951634813,-1.88304958461866,5
SVI_Ind,-43.002565669623316,1.0,15.941602046686318,36.10714954461644,-25.006102963729397,5
SVI_Ind,-9.784252501459845,1.0,-2.345873786886786,14.514887362436962,-5.220229517412555,5
SVI_Ind,32.40110901215587,1.0,29.99478771057812,3.0005547918538995,-1.916787030600326,5
SVI_Ind,1.8811197928877088,1.0,-0.0026345441688126236,2.009386682589088,-0.330318725617035,5
SVI_Ind,-38.986257394686255,1.0,-30.019623364293025,2.9974318421515984,-1.8675706827655087,5
SVI_Ind,-49.62784712501497,1.0,-5.651637979967267,57.67631540307962,-81.43923858674356,5
SVI_Ind,-3.1649337673945843,1.0,0.008528900617784503,2.000238054403669,-0.3205093392093441,5
SVI_Ind,-29.25449425611432,1.0,-30.012250395379457,2.9890316007149305,-1.9084328747651025,5
SVI_Ind,5.823176894493588,1.0,-0.009047617686119797,1.9939282333039263,-0.36624521853597614,5
SVI_Ind,-7.5113096295358,1.0,0.1936910983714745,2.161437141369451,-0.38568582031415444,5
SVI_Ind,20.764404593474804,1.0,29.984836797107583,3.0130022148840707,-1.8889376435183935,5
SVI_Ind,-41.36594895653786,1.0,22.889098694204343,51.048804459749206,-72.66443476298177,5
SVI_Ind,-25.76199007518094,1.0,-15.798739064207226,14.095345222989204,-5.144738053250618,5
SVI_Ind,20.803682902077657,1.0,30.00455990360933,3.005136171781115,-1.8867052135113207,5
SVI_Ind,29.556254676034694,1.0,30.001682350475264,2.994120711059943,-1.8823565440415835,5
SVI_Ind,14.579288920916412,1.0,11.16618317592242,54.4031347660748,-69.45545050103435,5
SVI_Ind,-37.19186913193005,1.0,-29.991188851413405,3.011251635103615,-1.9253430571608887,5
SVI_Ind,-47.46810180882081,1.0,-49.64030908512154,20.45633840841343,-42.99860585039444,5
SVI_Ind,-9.971731400071848,1.0,-40.76723839073986,78.83436830811573,-228.11262001880363,5
SVI_Ind,15.872320126690385,1.0,-14.444134089850218,63.80283280126301,-100.07960134874129,5
SVI_Ind,-19.186723244246405,1.0,-29.99945128980698,3.007345900085354,-1.9412989338037048,5
SVI_Ind,8.824747160180358,1.0,-2.8519565447342754,17.36996194564779,-4.9899812999781785,5
SVI_Ind,41.63081137391074,1.0,29.99582945778865,2.9984558963054333,-1.8918450078119786,5
SVI_Ind,-17.948908502387148,1.0,9.797151790548632,52.72408893332241,-62.72035123641831,5
SVI_Ind,48.424767157966635,1.0,30.027923716274252,2.9901970676830865,-1.9461260463760492,5
SVI_Ind,49.68029695792468,1.0,4.3951413166556,78.770233041402,-184.48700496737916,5
SVI_Ind,21.366136692408922,1.0,29.993774206398665,2.999836300255829,-1.8829625223712831,5
SVI_Ind,-40.465790485740854,1.0,-30.019992532667167,2.997875182404139,-1.9757269557075974,5
SVI_Ind,-23.24724330441305,1.0,-29.995787567613412,2.9911412856321618,-1.9344467928664555,5
SVI_Ind,-32.94282451345643,1.0,-30.01208985649605,3.000318147131153,-1.8932332181440135,5
SVI_Ind,-17.507886885378387,1.0,-29.975077778195608,2.995860719188192,-1.9073202002672476,5
SVI_Ind,19.483248282064714,1.0,14.674222796956856,14.539114157995826,-5.33814930047551,5
SVI_Ind,21.92958537004085,1.0,30.002901259147063,3.014948181587762,-1.896493814920829,10
SVI_Ind,32.454724414093796,1.0,29.99884608888133,2.9907816272175753,-1.9201653626475323,10
SVI_Ind,-23.933654811416393,1.0,-6.802424664172385,18.633418450568406,-4.902209795582795,10
SVI_Ind,47.293143945434615,1.0,3.026736254045966,19.73972033933864,-5.546900495793336,10
SVI_Ind,-43.1018102310283,1.0,-29.99671643260234,2.997270399778948,-1.879108912708085,10
SVI_Ind,-49.40677514151638,1.0,-29.893228791347234,3.256681395651744,-1.8972033186542103,10
SVI_Ind,-7.803715173487103,1.0,12.31021487442046,14.779006050185584,-5.044895450390785,10
SVI_Ind,-46.73481954211714,1.0,-29.9979971469317,2.989137452644313,-1.9285915337621877,10
SVI_Ind,41.01280862352185,1.0,-4.677179012815573,18.9071299798782,-4.852323818887259,10
SVI_Ind,-2.902105327939564,1.0,30.006956787815806,2.996169582143725,-1.8967690920557452,10
SVI_Ind,13.984644781868214,1.0,29.99797431948707,3.0043590682875636,-1.8668795538236593,10
SVI_Ind,48.48824571892269,1.0,28.743832777860916,3.8179916645101013,-1.9741185874614962,10
SVI_Ind,25.984810699517727,1.0,10.09735883235577,15.237126326817211,-5.359043180171116,10
SVI_Ind,27.898699393803355,1.0,30.00554163395021,3.0043022799919505,-1.8847411885600405,10
SVI_Ind,-11.800473028237302,1.0,2.13131264811172,17.03315977263051,-5.3244157372816385,10
SVI_Ind,-16.61288315693081,1.0,5.197586314970784,18.62612938364382,-5.306309439112769,10
SVI_Ind,10.006300540544599,1.0,-3.3268009566511774,16.401953512163036,-5.031995523941712,10
SVI_Ind,44.53233653874003,1.0,30.005431176080982,3.016539395307845,-1.9065117293630909,10
SVI_Ind,6.640996853209014,1.0,30.054469719523745,3.0290243794195963,-1.8683589664407614,10
SVI_Ind,28.301560827117033,1.0,5.132856071242176,19.21391409265717,-4.867383663405262,10
SVI_Ind,-22.908422602843824,1.0,-3.4133413200961793,18.97950958054544,-5.307399290253685,10
SVI_Ind,30.525129429247308,1.0,30.019959117917583,3.001216408496192,-1.8215042906930181,10
SVI_Ind,-16.76740723955179,1.0,-30.008036849350386,2.99603979063386,-1.9346927364470154,10
SVI_Ind,24.62521947204997,1.0,29.998891556192792,3.0008223296387366,-1.8818878960857437,10
SVI_Ind,10.909743461950006,1.0,-3.8767191305936826,19.00342646535956,-5.458904738194239,10
SVI_Ind,-25.40755493359047,1.0,-30.012976137694828,3.0051444214851837,-1.9208927767788877,10
SVI_Ind,26.06348308299943,1.0,30.019433401522885,2.970917319220642,-1.8704394719148416,10
SVI_Ind,18.19453453305898,1.0,14.76424098135338,14.150134420916993,-5.455278943592605,10
SVI_Ind,7.497320372366367,1.0,4.162040101137382,17.02339685361982,-5.218442010828282,10
SVI_Ind,-15.561330045221045,1.0,-22.058246386612137,11.74055083657067,-5.314028854055875,10
SVI_Ind,-19.64495675676737,1.0,5.03571115919552,19.109950548905147,-5.360083606431189,10
SVI_Ind,11.605319583472404,1.0,-5.903850540669364,16.538834184159864,-5.010624823887179,10
SVI_Ind,-37.92071717655775,1.0,-4.210056628332903,16.917341605326612,-5.212182206064883,10
SVI_Ind,42.782394226957024,1.0,17.28420565474256,14.482933828295353,-5.582505677870941,10
SVI_Ind,-45.771870673943866,1.0,-29.992969008074905,2.9980616914943505,-1.9040608229320055,10
SVI_Ind,-12.917652678934589,1.0,-30.01002835275001,2.993456988386317,-1.8707719073607674,10
SVI_Ind,-22.897275064910808,1.0,-30.00316858568227,2.9905347376728493,-1.911218879929569,10
SVI_Ind,33.95678065361181,1.0,-3.9213317964087557,19.055949663509683,-5.281942247954454,10
SVI_Ind,-49.98938763263028,1.0,30.356401803248055,3.043424657702152,-1.9336332015348803,10
SVI_Ind,33.83990180305469,1.0,4.583718499603556,16.59358593975566,-5.289274854346665,10
SVI_Ind,18.02298369310285,1.0,4.5565461728575105,18.963701867425453,-4.899722982748596,10
SVI_Ind,-17.150811030694722,1.0,-30.005777465243444,3.0207698225099144,-1.9011392719458038,10
SVI_Ind,-5.766275316187742,1.0,-0.011021624651307743,1.9925924113456635,-0.35452707239993986,10
SVI_Ind,35.06100712463387,1.0,29.996853683578337,3.002176485442339,-1.9056028973555241,10
SVI_Ind,-18.011356792996843,1.0,-30.004678972411927,3.01626830856884,-1.8708482012327234,10
SVI_Ind,14.061640867603895,1.0,29.993499329552662,3.0120532170938366,-1.871243583815807,10
SVI_Ind,-4.241854452172311,1.0,9.548882900380613,15.548016618297078,-5.304339359791024,10
SVI_Ind,-35.06901163226341,1.0,-29.99290069665133,2.9931006440811503,-1.891936716677379,10
SVI_Ind,-25.058459397963187,1.0,10.511318404883573,18.510352445292877,-5.071000699680925,10
SVI_Ind,-29.89503309279822,1.0,-29.9819467723168,3.0000294877805813,-1.8557469517399392,10
SVI_Ind,16.954515343616773,1.0,4.617029722734257,19.676534677671196,-5.412403017393515,10
SVI_Ind,-47.58181309922816,1.0,30.006233854938166,3.0504238070137677,-1.906496982911753,10
SVI_Ind,-33.4736984099247,1.0,-29.98382750963824,2.9932913766937657,-1.8963449526465732,10
SVI_Ind,-1.205480217874022,1.0,7.822488619542024,19.21830340511509,-5.766821075571359,10
SVI_Ind,32.473871685398066,1.0,4.770828618963554,19.89954989865651,-4.9403227253583,10
SVI_Ind,-42.21073020503143,1.0,-4.169950252619763,12.198648338771488,-5.283642064920112,10
SVI_Ind,-26.931016460104185,1.0,-30.007624386312653,3.011298815376738,-1.9212070405355628,10
SVI_Ind,-18.938622812492426,1.0,-29.980660748249864,3.000333190111389,-1.8652664300664057,10
SVI_Ind,27.88576460143624,1.0,30.003799080482413,2.9969616540666575,-1.8970297086970094,10
SVI_Ind,21.21677033906768,1.0,30.000563104979513,3.0038867827324864,-1.9140025831628238,10
SVI_Ind,-30.161372938401183,1.0,-29.982625658032145,3.0046406385204807,-1.9121849388469698,10
SVI_Ind,-44.26493532273537,1.0,21.729362469662647,12.07845037299097,-5.497878835195031,10
SVI_Ind,-21.573936166232343,1.0,19.85974247651518,14.257125739703168,-5.48389795560678,10
SVI_Ind,-42.940681416589634,1.0,16.084244781628254,17.696113769632998,-6.05758115830265,10
SVI_Ind,4.9323700908728725,1.0,-10.520686735505471,15.199465641591182,-5.334711857135938,10
SVI_Ind,31.467790576172447,1.0,-28.38538483615474,4.6176596144331725,-2.226835205587129,10
SVI_Ind,5.643635613149245,1.0,29.9698335526624,3.0162155015835665,-1.9278361931353225,10
SVI_Ind,39.20639097412829,1.0,30.010972846948498,3.0032623228835447,-1.8833791051121493,10
SVI_Ind,-43.002565669623316,1.0,29.6327816943304,3.290279576419367,-1.9420981599149174,10
SVI_Ind,-9.784252501459845,1.0,8.6014979919708,16.0552864840709,-5.31127194572808,10
SVI_Ind,32.40110901215587,1.0,30.010279302416283,2.9975013127994097,-1.9167679338724635,10
SVI_Ind,1.8811197928877088,1.0,-0.0048188259404635305,2.0143123787925545,-0.33022864263579477,10
SVI_Ind,-38.986257394686255,1.0,-30.0104005527801,3.0011988718711837,-1.867410824551472,10
SVI_Ind,-49.62784712501497,1.0,-30.01458032467119,2.9822473091719943,-1.9165597650355428,10
SVI_Ind,-3.1649337673945843,1.0,7.566894354694184,15.846422053479008,-5.227930346401846,10
SVI_Ind,-29.25449425611432,1.0,6.521514797151688,19.997683508859378,-5.486137126137841,10
SVI_Ind,5.823176894493588,1.0,-4.380988737335474,15.60088157489714,-4.912158339996893,10
SVI_Ind,-7.5113096295358,1.0,7.787486529955846,15.760393715754871,-4.903731736336879,10
SVI_Ind,20.764404593474804,1.0,29.99696757115893,3.015476912332615,-1.8887588767892325,10
SVI_Ind,-41.36594895653786,1.0,30.4514085750295,3.2003327826941415,-1.9246182689005709,10
SVI_Ind,-25.76199007518094,1.0,-8.990710604667843,18.402743598185367,-5.276052107511509,10
SVI_Ind,20.803682902077657,1.0,29.98543313831185,3.002502942908598,-1.8869589566029918,10
SVI_Ind,29.556254676034694,1.0,-0.894518289161497,19.310445233751373,-4.988420007320068,10
SVI_Ind,14.579288920916412,1.0,0.9722682696723811,18.529463863614517,-5.1951957136659015,10
SVI_Ind,-37.19186913193005,1.0,-29.998030510309558,3.0142039853208877,-1.9254710475836667,10
SVI_Ind,-47.46810180882081,1.0,-30.087560375629213,3.018154069740977,-1.8966842604038305,10
SVI_Ind,-9.971731400071848,1.0,-11.349288949843302,17.925297257740738,-5.637426747379122,10
SVI_Ind,15.872320126690385,1.0,-2.102032710215362,19.619841980715208,-5.156795601694208,10
SVI_Ind,-19.186723244246405,1.0,-30.00625498795983,3.0131309919377522,-1.9414098572921734,10
SVI_Ind,8.824747160180358,1.0,-3.4400681015466534,17.32053951107186,-5.014888666449876,10
SVI_Ind,41.63081137391074,1.0,30.006093631759516,2.9984367224554997,-1.8915821469831178,10
SVI_Ind,-17.948908502387148,1.0,30.027203061957714,2.9967092933257784,-1.9052516622771183,10
SVI_Ind,48.424767157966635,1.0,30.003281246046495,2.9911179154500065,-1.9458785713169924,10
SVI_Ind,49.68029695792468,1.0,2.0165608147851604,19.288693375879966,-5.528889739753218,10
SVI_Ind,21.366136692408922,1.0,30.00307504091023,3.0002722391266157,-1.8828937642855679,10
SVI_Ind,-40.465790485740854,1.0,-29.99591931636241,2.996754168913682,-1.9756241786255013,10
SVI_Ind,-23.24724330441305,1.0,-30.004684881020392,2.99214851286818,-1.9344783777321997,10
SVI_Ind,-32.94282451345643,1.0,-30.00603876004191,3.0055954709091317,-1.8932747451086955,10
SVI_Ind,-17.507886885378387,1.0,-4.578868293132631,18.648808671524968,-5.078073876978996,10
SVI_Ind,19.483248282064714,1.0,29.517440606481532,3.3980360270374406,-1.9112964691586454,10
SVI_Ind,21.92958537004085,1.0,1.3196552340924987,17.065021571744804,-4.8002304719398445,20
SVI_Ind,32.454724414093796,1.0,29.997192100543348,2.9882323131143282,-1.9201617448981882,20
SVI_Ind,-23.933654811416393,1.0,0.7025167928694939,17.189758547366555,-5.246093563083377,20
SVI_Ind,47.293143945434615,1.0,3.373145199968903,16.99035771176418,-5.3512815488575285,20
SVI_Ind,-43.1018102310283,1.0,-13.106099330164835,14.588184796628894,-5.314863526248674,20
SVI_Ind,-49.40677514151638,1.0,-29.99067654802069,3.002051759977693,-1.8922065358692328,20
SVI_Ind,-7.803715173487103,1.0,30.020242796850543,2.9982275953818607,-1.876883453007181,20
SVI_Ind,-46.73481954211714,1.0,30.00873640965535,2.9911491112203286,-1.928621154738701,20
SVI_Ind,41.01280862352185,1.0,29.979088798172565,2.994268768531866,-1.8616657606459444,20
SVI_Ind,-2.902105327939564,1.0,-29.999960369698535,2.9955554497521355,-1.8968718067472237,20
SVI_Ind,13.984644781868214,1.0,6.602292089394439,15.832917992819246,-5.029049497852865,20
SVI_Ind,48.48824571892269,1.0,-0.00712027845289811,1.993054785965351,-0.31998385521455663,20
SVI_Ind,25.984810699517727,1.0,-0.0024225017968744532,2.0003612071147683,-0.35520591342787666,20
SVI_Ind,27.898699393803355,1.0,29.994266909531518,2.9983921055018397,-1.8847660784466833,20
SVI_Ind,-11.800473028237302,1.0,-7.861775616026792,15.850427707002755,-5.052485687887826,20
SVI_Ind,-16.61288315693081,1.0,29.987748050110486,2.994790649702268,-1.9099704399755986,20
SVI_Ind,10.006300540544599,1.0,-1.0357493098803499,17.20317550176216,-4.901268261866782,20
SVI_Ind,44.53233653874003,1.0,-29.99640013827932,3.0173889587670026,-1.9065321071586547,20
SVI_Ind,6.640996853209014,1.0,-29.99506154684088,3.019883391260975,-1.8690541552279303,20
SVI_Ind,28.301560827117033,1.0,-1.3926581571617198,17.00651508391191,-5.118940338493788,20
SVI_Ind,-22.908422602843824,1.0,-10.202319725630005,15.220311141268608,-5.289348891758497,20
SVI_Ind,30.525129429247308,1.0,6.171487184972071,16.426179815223225,-5.103702831429846,20
SVI_Ind,-16.76740723955179,1.0,-0.29830012649981674,16.99267961737453,-4.832587597893926,20
SVI_Ind,24.62521947204997,1.0,29.996769599390888,2.99575435777549,-1.8818867045562655,20
SVI_Ind,10.909743461950006,1.0,30.00067046466084,3.003381320228653,-1.9269115884573713,20
SVI_Ind,-25.40755493359047,1.0,29.98465796901113,3.009343216016646,-1.920947565787655,20
SVI_Ind,26.06348308299943,1.0,30.024691240237637,2.9710782488484164,-1.8704426349324588,20
SVI_Ind,18.19453453305898,1.0,-30.011416548756657,2.9904306757772847,-1.8845829334714232,20
SVI_Ind,7.497320372366367,1.0,7.967005038529559,15.816298187247966,-5.170905621716994,20
SVI_Ind,-15.561330045221045,1.0,-5.4823540118008465,16.442915795781133,-5.088825934812904,20
SVI_Ind,-19.64495675676737,1.0,-16.213306344883136,13.809731427374302,-5.554969971088059,20
SVI_Ind,11.605319583472404,1.0,-15.820718786408584,13.902298792635229,-5.54992081746563,20
SVI_Ind,-37.92071717655775,1.0,-30.00624622574541,3.00327144392758,-1.889103314440864,20
SVI_Ind,42.782394226957024,1.0,29.990257994797513,2.9902477202170026,-1.964339301163097,20
SVI_Ind,-45.771870673943866,1.0,30.00234898597223,3.004412862509665,-1.9040954610956549,20
SVI_Ind,-12.917652678934589,1.0,-30.008820699633446,2.9867581574933713,-1.8709015259906359,20
SVI_Ind,-22.897275064910808,1.0,-0.18165638667492426,17.255272189550872,-4.801604004306575,20
SVI_Ind,33.95678065361181,1.0,-30.01013531894539,3.0074695412076182,-1.927100147917069,20
SVI_Ind,-49.98938763263028,1.0,10.251878384687263,15.19196769154769,-5.588058557411289,20
SVI_Ind,33.83990180305469,1.0,8.266807740185032,15.730751567182951,-4.80037077725666,20
SVI_Ind,18.02298369310285,1.0,-3.6708788709259252,16.893031969376175,-4.897157155172726,20
SVI_Ind,-17.150811030694722,1.0,7.462520379941769,16.006639733497014,-5.483062504724272,20
SVI_Ind,-5.766275316187742,1.0,-30.016166056976452,2.989244860272194,-1.8949725304824012,20
SVI_Ind,35.06100712463387,1.0,7.564928602865432,15.795017305082187,-4.9299923167388355,20
SVI_Ind,-18.011356792996843,1.0,-2.9918887813714954,16.905417885718347,-5.060731303978843,20
SVI_Ind,14.061640867603895,1.0,3.2506947780803017,16.908122511533538,-4.888743035695667,20
SVI_Ind,-4.241854452172311,1.0,-4.062280751060432,16.42309500799773,-5.137275831878609,20
SVI_Ind,-35.06901163226341,1.0,-29.996650248622213,2.9953737271711,-1.8919460648823314,20
SVI_Ind,-25.058459397963187,1.0,-10.17679672102538,15.437537505511342,-5.277965126606248,20
SVI_Ind,-29.89503309279822,1.0,-29.97849241937688,2.994690156341949,-1.8559361990858352,20
SVI_Ind,16.954515343616773,1.0,-4.027621214835564,16.63292089482951,-4.7572522584663535,20
SVI_Ind,-47.58181309922816,1.0,30.009063953020025,2.9925815805672698,-1.9058988442949643,20
SVI_Ind,-33.4736984099247,1.0,-5.225663914524569,16.519524916177122,-5.020464292377126,20
SVI_Ind,-1.205480217874022,1.0,0.6631686161035708,16.2458919402478,-4.989829193082686,20
SVI_Ind,32.473871685398066,1.0,3.982555753649863,16.574591014617365,-4.7881134127113345,20
SVI_Ind,-42.21073020503143,1.0,30.005675196699595,2.9933371135531024,-1.908922409465207,20
SVI_Ind,-26.931016460104185,1.0,-30.002016617845722,3.016264698716922,-1.9212170897423517,20
SVI_Ind,-18.938622812492426,1.0,1.541960458241863,17.11738171664602,-5.020531357478284,20
SVI_Ind,27.88576460143624,1.0,30.00652841004947,2.9954691612716857,-1.8970274652326533,20
SVI_Ind,21.21677033906768,1.0,29.993374179541387,3.0033198092552342,-1.9140359083922007,20
SVI_Ind,-30.161372938401183,1.0,30.0160534553488,2.999559890265637,-1.912131401737959,20
SVI_Ind,-44.26493532273537,1.0,30.0100603583169,2.9937233558794203,-1.9472056603723784,20
SVI_Ind,-21.573936166232343,1.0,29.998048097890784,3.008240743436329,-1.9095401312567306,20
SVI_Ind,-42.940681416589634,1.0,5.87403340109301,16.73641622799638,-5.450921023184023,20
SVI_Ind,4.9323700908728725,1.0,-3.9226658566612826,16.646144641730437,-5.139828777788492,20
SVI_Ind,31.467790576172447,1.0,-30.00015723308472,3.006399690241992,-1.8824981459993526,20
SVI_Ind,5.643635613149245,1.0,13.288048468903664,14.559773546713638,-5.31831726869758,20
SVI_Ind,39.20639097412829,1.0,-29.981570857251413,3.0082875330164693,-1.883264379131961,20
SVI_Ind,-43.002565669623316,1.0,-29.99063926142682,3.000074474706574,-1.919816108336592,20
SVI_Ind,-9.784252501459845,1.0,29.988375143181873,2.9912860965910255,-1.9121491182009942,20
SVI_Ind,32.40110901215587,1.0,3.4979788256499824,16.77777633576358,-4.9839063504670715,20
SVI_Ind,1.8811197928877088,1.0,29.99315179391861,3.020054915200217,-1.8706907248129707,20
SVI_Ind,-38.986257394686255,1.0,-15.582483874838106,13.984702909003875,-5.315226042322322,20
SVI_Ind,-49.62784712501497,1.0,5.8736851409519995,16.38653700141812,-4.808769609605848,20
SVI_Ind,-3.1649337673945843,1.0,30.01089514723206,3.0014845242180197,-1.8609173553432634,20
SVI_Ind,-29.25449425611432,1.0,0.6850439610004501,16.920614535887566,-5.222236593408548,20
SVI_Ind,5.823176894493588,1.0,6.8930342649968495,16.107985194671397,-5.447183524895676,20
SVI_Ind,-7.5113096295358,1.0,6.388925486511886,16.205832507588706,-4.921937429068961,20
SVI_Ind,20.764404593474804,1.0,-21.777338185378394,11.381179330335875,-5.2676444135249545,20
SVI_Ind,-41.36594895653786,1.0,30.013957394137673,3.011167285132733,-1.9026543071234867,20
SVI_Ind,-25.76199007518094,1.0,-30.01233668205438,3.005589427483129,-1.860540889171161,20
SVI_Ind,20.803682902077657,1.0,29.982096016642757,2.998789165615479,-1.8870293898049022,20
SVI_Ind,29.556254676034694,1.0,-8.087886528409037,15.680376448542441,-5.079429775185218,20
SVI_Ind,14.579288920916412,1.0,30.01733949131316,2.9964742242007003,-1.922019457268024,20
SVI_Ind,-37.19186913193005,1.0,1.0036771915952276,17.17687079072192,-4.98821756452922,20
SVI_Ind,-47.46810180882081,1.0,30.005675803091727,3.011725819603632,-1.8961361526897607,20
SVI_Ind,-9.971731400071848,1.0,-6.056360329368674,16.29702031632073,-5.238904832734476,20
SVI_Ind,15.872320126690385,1.0,29.98562225097374,3.004582309953037,-1.8732704559603088,20
SVI_Ind,-19.186723244246405,1.0,5.545227559148411,16.316243406157792,-5.087400618756102,20
SVI_Ind,8.824747160180358,1.0,0.13274548427663702,17.435459743398958,-4.96364071474415,20
SVI_Ind,41.63081137391074,1.0,-6.350709511068738,16.305018380783395,-5.182313469896932,20
SVI_Ind,-17.948908502387148,1.0,-3.2100140134839665,17.031087084580903,-5.435295529931503,20
SVI_Ind,48.424767157966635,1.0,13.552234207270748,14.409398907860854,-5.54282160518572,20
SVI_Ind,49.68029695792468,1.0,-0.3141057461950316,17.45886591375046,-5.262356492732863,20
SVI_Ind,21.366136692408922,1.0,15.145536752240226,14.005211817679822,-5.525395100366289,20
SVI_Ind,-40.465790485740854,1.0,22.49129717324328,10.852768515865346,-5.353699487893696,20
SVI_Ind,-23.24724330441305,1.0,-29.99794043678095,2.9921866260177414,-1.934472149219113,20
SVI_Ind,-32.94282451345643,1.0,-30.0051603594011,3.0157313607738505,-1.8932807496643038,20
SVI_Ind,-17.507886885378387,1.0,-30.012265800597444,2.999792386070311,-1.9060662779697104,20
SVI_Ind,19.483248282064714,1.0,29.987296653881835,2.991941181143113,-1.8861578526606433,20
SVI_Ind,21.92958537004085,1.0,-8.213403486379923,16.00370516361133,-5.041823435898596,15
SVI_Ind,32.454724414093796,1.0,29.998518066310506,2.9894727372595615,-1.9201539508474421,15
SVI_Ind,-23.933654811416393,1.0,-17.037875584772323,13.460417557868286,-5.234843649854598,15
SVI_Ind,47.293143945434615,1.0,2.77755878732391,17.525726912093717,-5.336465974547593,15
SVI_Ind,-43.1018102310283,1.0,-0.7735079948782468,17.06608268606762,-5.051907478606068,15
SVI_Ind,-49.40677514151638,1.0,-29.993432744922913,3.0024165657562953,-1.8922526847752583,15
SVI_Ind,-7.803715173487103,1.0,30.018671604555895,2.99800426713336,-1.8768680021796413,15
SVI_Ind,-46.73481954211714,1.0,8.827950672458428,15.738897442803879,-5.570204830301173,15
SVI_Ind,41.01280862352185,1.0,6.764567484602917,16.290420240585256,-5.260759729457485,15
SVI_Ind,-2.902105327939564,1.0,30.00230076243469,2.9956831226604486,-1.8968377238099725,15
SVI_Ind,13.984644781868214,1.0,8.089719605475178,15.655301706527906,-5.103430170730556,15
SVI_Ind,48.48824571892269,1.0,-3.7472466033238607,16.495848412523674,-5.077162072014751,15
SVI_Ind,25.984810699517727,1.0,-0.16945871949577654,17.833374662283866,-4.92341808822694,15
SVI_Ind,27.898699393803355,1.0,29.998565495573892,3.0005871385704337,-1.8847544810380512,15
SVI_Ind,-11.800473028237302,1.0,-29.99744636899445,3.0240838782854396,-1.8868705691084524,15
SVI_Ind,-16.61288315693081,1.0,14.348471508514233,14.218316692062027,-5.621553442798012,15
SVI_Ind,10.006300540544599,1.0,12.011647279794479,14.874077772446949,-5.299271796869549,15
SVI_Ind,44.53233653874003,1.0,30.004588127588647,3.0172646580958773,-1.9065243881370155,15
SVI_Ind,6.640996853209014,1.0,11.644530008925468,14.95960909079492,-5.030148311344044,15
SVI_Ind,28.301560827117033,1.0,8.005937216920676,15.794866449167795,-4.7489521179620215,15
SVI_Ind,-22.908422602843824,1.0,-29.980619415509363,2.995507677763527,-1.8948536030545369,15
SVI_Ind,30.525129429247308,1.0,6.552703686063232,16.76935021558413,-5.081300049716472,15
SVI_Ind,-16.76740723955179,1.0,-30.0060318150684,2.9954948155959666,-1.934671123267195,15
SVI_Ind,24.62521947204997,1.0,29.999821791168145,2.9981542072100744,-1.8819393084774587,15
SVI_Ind,10.909743461950006,1.0,-29.999845036962885,3.001517652953934,-1.9268767142936611,15
SVI_Ind,-25.40755493359047,1.0,29.986106453899968,3.007171665337992,-1.9209204281863839,15
SVI_Ind,26.06348308299943,1.0,30.02507886534408,2.9701409108099575,-1.8704663345498465,15
SVI_Ind,18.19453453305898,1.0,-3.335258837978986,16.45699573334781,-4.629491162345415,15
SVI_Ind,7.497320372366367,1.0,8.230157131137265,15.791172661255487,-5.16883721402735,15
SVI_Ind,-15.561330045221045,1.0,-11.280002556204959,15.197294395494227,-5.094816531235923,15
SVI_Ind,-19.64495675676737,1.0,12.1775984152465,14.872399475162313,-5.413487589420724,15
SVI_Ind,11.605319583472404,1.0,-30.003488263503097,3.0093927720755973,-1.9327860681030256,15
SVI_Ind,-37.92071717655775,1.0,-29.95195911583301,3.0058817669064104,-1.8881333146531745,15
SVI_Ind,42.782394226957024,1.0,29.988144104818588,2.9906733777176067,-1.9643536087865838,15
SVI_Ind,-45.771870673943866,1.0,2.5527809018626217,16.788453806973138,-5.041295819227043,15
SVI_Ind,-12.917652678934589,1.0,-30.009096124646366,2.990248306801602,-1.870831882210482,15
SVI_Ind,-22.897275064910808,1.0,18.237996260262822,13.027865641867585,-5.875915533054798,15
SVI_Ind,33.95678065361181,1.0,-12.175671798400208,14.881361102573809,-4.932909675324668,15
SVI_Ind,-49.98938763263028,1.0,29.9988103422525,3.0022731460437306,-1.9257788702987098,15
SVI_Ind,33.83990180305469,1.0,30.011991702858857,2.999839195143119,-1.8974573040409712,15
SVI_Ind,18.02298369310285,1.0,0.6675855719503796,17.665883674286583,-4.808601727536519,15
SVI_Ind,-17.150811030694722,1.0,-30.01150186301104,3.021938428923931,-1.901067460883589,15
SVI_Ind,-5.766275316187742,1.0,-30.01731456537742,2.989816046779901,-1.8949648260518064,15
SVI_Ind,35.06100712463387,1.0,10.402360900109223,15.35482819929286,-4.975267616354422,15
SVI_Ind,-18.011356792996843,1.0,-0.007690329388019294,2.013786065121827,-0.3302086821346837,15
SVI_Ind,14.061640867603895,1.0,1.846232738908046,17.62554777565699,-4.852390138256889,15
SVI_Ind,-4.241854452172311,1.0,-5.097482243113416,16.323340601480993,-5.138040406944342,15
SVI_Ind,-35.06901163226341,1.0,-29.99680662568989,2.99416695398701,-1.8919525036361295,15
SVI_Ind,-25.058459397963187,1.0,17.200038265766636,13.413765265792827,-5.435993468278204,15
SVI_Ind,-29.89503309279822,1.0,-29.980128554334815,2.9970573932572497,-1.85585022264054,15
SVI_Ind,16.954515343616773,1.0,-0.40177425629332236,17.73430615381673,-4.9139122008529075,15
SVI_Ind,-47.58181309922816,1.0,11.57247148873014,15.010867965026904,-5.424943001653304,15
SVI_Ind,-33.4736984099247,1.0,-29.985910790547415,2.9930147909498896,-1.8963659309192273,15
SVI_Ind,-1.205480217874022,1.0,30.00700037690506,3.0014727536975743,-1.9030121212207067,15
SVI_Ind,32.473871685398066,1.0,30.00712134792775,3.0029350050425503,-1.8758565855170053,15
SVI_Ind,-42.21073020503143,1.0,4.253498295182147,16.864014148385028,-5.020572333913663,15
SVI_Ind,-26.931016460104185,1.0,-30.003106017517325,3.0138023837838497,-1.9211857375994184,15
SVI_Ind,-18.938622812492426,1.0,-29.9786061247877,2.9977692452660394,-1.8652863686530017,15
SVI_Ind,27.88576460143624,1.0,30.004543154385896,2.9960943465401315,-1.8970293690651316,15
SVI_Ind,21.21677033906768,1.0,29.995664164504234,3.004027296554466,-1.9140310303006456,15
SVI_Ind,-30.161372938401183,1.0,-29.98293897580453,3.0025829874726067,-1.9121625854264055,15
SVI_Ind,-44.26493532273537,1.0,-29.988947798827397,2.9948950568217216,-1.9472665740639954,15
SVI_Ind,-21.573936166232343,1.0,29.978488686169044,3.006829595032627,-1.9093788997723768,15
SVI_Ind,-42.940681416589634,1.0,29.9879738362279,3.021129051099602,-1.8858459689920606,15
SVI_Ind,4.9323700908728725,1.0,-9.309993904966571,15.442526946805344,-5.292931491884627,15
SVI_Ind,31.467790576172447,1.0,-30.0033411222799,3.004932005696295,-1.882548067826752,15
SVI_Ind,5.643635613149245,1.0,11.14276647560802,15.364140236194677,-5.2181670719569455,15
SVI_Ind,39.20639097412829,1.0,30.015664561166947,3.005620072987286,-1.883311860789234,15
SVI_Ind,-43.002565669623316,1.0,30.015401618781645,3.0026097802487635,-1.91984732228544,15
SVI_Ind,-9.784252501459845,1.0,-5.399375660533978,16.47047824371443,-5.150347532004428,15
SVI_Ind,32.40110901215587,1.0,-17.798907540172703,13.169336021289325,-5.399961591581738,15
SVI_Ind,1.8811197928877088,1.0,-30.00545994362151,3.0168677310058807,-1.8707291020757757,15
SVI_Ind,-38.986257394686255,1.0,29.99759155634925,3.0006420855574283,-1.8673559854584405,15
SVI_Ind,-49.62784712501497,1.0,-5.730275558317589,16.20435195561645,-5.526924792458623,15
SVI_Ind,-3.1649337673945843,1.0,30.010734451098514,3.0009106658789757,-1.8609302236558403,15
SVI_Ind,-29.25449425611432,1.0,-3.6097630381911348,16.602917199070564,-5.480746425374159,15
SVI_Ind,5.823176894493588,1.0,-0.009578517305183882,1.9890338754830768,-0.36621801121833686,15
SVI_Ind,-7.5113096295358,1.0,7.1941692220704505,15.949406146704298,-4.901555779171906,15
SVI_Ind,20.764404593474804,1.0,-9.20994588934116,15.911369069907423,-5.262973554481313,15
SVI_Ind,-41.36594895653786,1.0,30.018104787643537,3.011788063250482,-1.9027154823353225,15
SVI_Ind,-25.76199007518094,1.0,-5.066641984529618,16.717583982078807,-5.270991613597021,15
SVI_Ind,20.803682902077657,1.0,29.98494114830647,3.00079700880514,-1.8869766358798254,15
SVI_Ind,29.556254676034694,1.0,-29.987429799099143,2.9994611681696512,-1.8824307255072705,15
SVI_Ind,14.579288920916412,1.0,13.493182705889387,14.625798521012884,-5.14188608539005,15
SVI_Ind,-37.19186913193005,1.0,-30.004753657427063,3.0144838471862467,-1.925545398407949,15
SVI_Ind,-47.46810180882081,1.0,-29.99953086464112,3.0109773858969446,-1.8961389442029755,15
SVI_Ind,-9.971731400071848,1.0,-7.992080637223535,16.149064271428006,-5.346107931109138,15
SVI_Ind,15.872320126690385,1.0,7.315541089073703,16.190154521851554,-4.894960756863604,15
SVI_Ind,-19.186723244246405,1.0,29.994080058179776,3.0173294294294273,-1.9415510239578593,15
SVI_Ind,8.824747160180358,1.0,-30.006355094137984,2.9841089840766117,-1.9086201695467526,15
SVI_Ind,41.63081137391074,1.0,30.008405922748675,2.999049644787407,-1.8915221124549308,15
SVI_Ind,-17.948908502387148,1.0,2.9727778504265423,17.377192870399806,-5.138166879003501,15
SVI_Ind,48.424767157966635,1.0,30.003154945618157,2.992724717342524,-1.9459268159065535,15
SVI_Ind,49.68029695792468,1.0,1.253863227783241,17.75324631889532,-5.4155888860248815,15
SVI_Ind,21.366136692408922,1.0,30.003902159664637,2.9998122925093087,-1.882892836115495,15
SVI_Ind,-40.465790485740854,1.0,-8.18855925809222,15.628948338252773,-5.0747904091936356,15
SVI_Ind,-23.24724330441305,1.0,-30.001268870471495,2.9922844757824953,-1.9344773017989931,15
SVI_Ind,-32.94282451345643,1.0,-30.00621170378732,3.0109888105596143,-1.8932694070750262,15
SVI_Ind,-17.507886885378387,1.0,-14.531898915110695,14.160175743638309,-5.398400898091569,15
SVI_Ind,19.483248282064714,1.0,27.023577885797245,6.085223802986722,-3.098867472720717,15
SVI_Ind,21.92958537004085,1.0,-3.322154165402289,16.889426700326215,-4.931524301816715,30
SVI_Ind,32.454724414093796,1.0,-8.27659842649212,15.644310966087923,-5.420672368989431,30
SVI_Ind,-23.933654811416393,1.0,-29.692127696596398,3.0563206867089647,-1.8640232644657306,30
SVI_Ind,47.293143945434615,1.0,3.3228636794363893,16.847724283102885,-5.349366417643234,30
SVI_Ind,-43.1018102310283,1.0,-8.328289987162282,15.917198002643929,-5.115119321624988,30
SVI_Ind,-49.40677514151638,1.0,-29.988050772071137,3.0017447950148832,-1.8921632785744564,30
SVI_Ind,-7.803715173487103,1.0,-29.975588704644434,2.999262089058037,-1.8769197461880904,30
SVI_Ind,-46.73481954211714,1.0,30.01069564016147,2.9913933287347216,-1.9286243474876605,30
SVI_Ind,41.01280862352185,1.0,29.98031046536574,2.994904815812837,-1.8616594860128401,30
SVI_Ind,-2.902105327939564,1.0,-5.734677084054089,16.130040193970014,-5.16813566947058,30
SVI_Ind,13.984644781868214,1.0,-0.16337542222926887,16.901110740645148,-4.916973518260972,30
SVI_Ind,48.48824571892269,1.0,-4.394615857973978,16.594938194457818,-5.059538310785231,30
SVI_Ind,25.984810699517727,1.0,-30.003752055993644,3.002982968548786,-1.8956498826945856,30
SVI_Ind,27.898699393803355,1.0,29.989366909283603,2.9967262575069267,-1.8847755342729298,30
SVI_Ind,-11.800473028237302,1.0,30.01138216080151,3.037663130962222,-1.8869451304342948,30
SVI_Ind,-16.61288315693081,1.0,0.15214478028840464,17.126556019794624,-4.690992358407302,30
SVI_Ind,10.006300540544599,1.0,3.335829764594802,16.69444789887781,-4.6664010828169005,30
SVI_Ind,44.53233653874003,1.0,-0.8376017024370901,17.47332637635267,-5.142059849584403,30
SVI_Ind,6.640996853209014,1.0,-29.990760690378238,3.025939382600601,-1.868911537928862,30
SVI_Ind,28.301560827117033,1.0,3.38771262439252,16.7073862311709,-4.8534052064665145,30
SVI_Ind,-22.908422602843824,1.0,0.017294512740893667,1.9872954407389636,-0.35449151005407753,30
SVI_Ind,30.525129429247308,1.0,0.007720803147591238,16.909204996043897,-5.329026810435932,30
SVI_Ind,-16.76740723955179,1.0,-4.209223274416463,16.233453239424932,-5.041790579573352,30
SVI_Ind,24.62521947204997,1.0,29.98631401598155,2.9920391657928898,-1.881668619600032,30
SVI_Ind,10.909743461950006,1.0,-5.6780754702124625,16.10577937561122,-5.146474577475316,30
SVI_Ind,-25.40755493359047,1.0,29.98414381726384,3.01279120110582,-1.9210068162660878,30
SVI_Ind,26.06348308299943,1.0,30.031082404620214,2.974266784605657,-1.8703784159292498,30
SVI_Ind,18.19453453305898,1.0,10.145245604384836,15.26084965705952,-5.652196447830615,30
SVI_Ind,7.497320372366367,1.0,4.290683259530538,16.654675073815767,-5.212652753505042,30
SVI_Ind,-15.561330045221045,1.0,5.836627061832622,16.179769847998163,-5.060951346678752,30
SVI_Ind,-19.64495675676737,1.0,2.4984557931725337,17.06615997588996,-4.9911539556122175,30
SVI_Ind,11.605319583472404,1.0,-8.399343940868638,15.748406969240975,-5.133010423194769,30
SVI_Ind,-37.92071717655775,1.0,-30.010019727438433,3.003341988442425,-1.8891817267433932,30
SVI_Ind,42.782394226957024,1.0,29.993303360475057,2.99017954176508,-1.9643429130315515,30
SVI_Ind,-45.771870673943866,1.0,30.001608792856256,3.0140822869887387,-1.9041610356250187,30
SVI_Ind,-12.917652678934589,1.0,-2.127825583674741,16.988294804080557,-5.321939544910027,30
SVI_Ind,-22.897275064910808,1.0,30.008724354796666,2.973549204099629,-1.9109852959674472,30
SVI_Ind,33.95678065361181,1.0,-30.009515213180027,3.0076476797435974,-1.927098674149045,30
SVI_Ind,-49.98938763263028,1.0,-0.35386745480496395,17.20341435093011,-4.934477620166437,30
SVI_Ind,33.83990180305469,1.0,-2.096048911410507,16.935908267678332,-5.409161199262067,30
SVI_Ind,18.02298369310285,1.0,0.027899086341828208,17.01694678435677,-4.810777152768271,30
SVI_Ind,-17.150811030694722,1.0,0.07504270219792576,17.274833084160885,-5.235512582137902,30
SVI_Ind,-5.766275316187742,1.0,-30.016917026751777,2.987884272911235,-1.8949742741202487,30
SVI_Ind,35.06100712463387,1.0,2.036548654388055,16.61993747070244,-5.427288726695176,30
SVI_Ind,-18.011356792996843,1.0,29.988150853242367,3.0202546254708054,-1.8706531372822592,30
SVI_Ind,14.061640867603895,1.0,7.952115432558406,15.647171551388466,-5.133358451043678,30
SVI_Ind,-4.241854452172311,1.0,-29.996475138345073,3.0011541458351703,-1.872664806288836,30
SVI_Ind,-35.06901163226341,1.0,4.285292454429781,16.57096029997575,-5.24006285081007,30
SVI_Ind,-25.058459397963187,1.0,9.167383591906088,15.408737876202483,-4.67153802726431,30
SVI_Ind,-29.89503309279822,1.0,-18.671572360532927,12.753022852758633,-5.276139039158185,30
SVI_Ind,16.954515343616773,1.0,-3.155860527776166,16.64616164633722,-4.793643050215566,30
SVI_Ind,-47.58181309922816,1.0,30.007471625531675,2.987450088168412,-1.9058702594695274,30
SVI_Ind,-33.4736984099247,1.0,-29.991438927534713,2.9891428260737034,-1.8964318626017418,30
SVI_Ind,-1.205480217874022,1.0,-0.7315390317646656,16.815167308802465,-5.023347777188142,30
SVI_Ind,32.473871685398066,1.0,-29.987931375920798,3.001062226378731,-1.875905029607897,30
SVI_Ind,-42.21073020503143,1.0,1.0651527874501419,16.90698439604983,-5.064681207126214,30
SVI_Ind,-26.931016460104185,1.0,-9.728549644005943,15.46237412781738,-5.34540645766819,30
SVI_Ind,-18.938622812492426,1.0,30.02485987104144,2.9916858120458936,-1.8653644444638866,30
SVI_Ind,27.88576460143624,1.0,-29.98839972557665,2.993723490617135,-1.8970252063183688,30
SVI_Ind,21.21677033906768,1.0,29.99233095130139,3.0022768664783217,-1.9140298300494338,30
SVI_Ind,-30.161372938401183,1.0,-6.714436624270106,16.051001612839897,-4.9710900247693885,30
SVI_Ind,-44.26493532273537,1.0,30.014330339204644,2.992095263258855,-1.9472548074199039,30
SVI_Ind,-21.573936166232343,1.0,29.998321572013385,3.0134551676068644,-1.9095981414437815,30
SVI_Ind,-42.940681416589634,1.0,0.8006975753936816,17.13339742659188,-5.063026124161009,30
SVI_Ind,4.9323700908728725,1.0,1.9352825547131083,16.968466901759324,-5.128561951278036,30
SVI_Ind,31.467790576172447,1.0,-2.3193544357113693,16.70828551193105,-5.27566471290069,30
SVI_Ind,5.643635613149245,1.0,15.224804400002652,14.051806008694006,-5.442143903046085,30
SVI_Ind,39.20639097412829,1.0,-29.980827262745333,3.0137332822123355,-1.8832205753685018,30
SVI_Ind,-43.002565669623316,1.0,10.58667027697171,15.20248296698591,-5.156816078843995,30
SVI_Ind,-9.784252501459845,1.0,9.434820265695413,15.492030266690291,-5.282574776596053,30
SVI_Ind,32.40110901215587,1.0,-29.974196075424384,2.9899755344160863,-1.916726948977589,30
SVI_Ind,1.8811197928877088,1.0,29.992638744102962,3.0251125194996464,-1.8706289353557333,30
SVI_Ind,-38.986257394686255,1.0,30.00672660322497,2.996558698104324,-1.8673718507603407,30
SVI_Ind,-49.62784712501497,1.0,2.8353884295724043,16.928160320122426,-4.976961126497585,30
SVI_Ind,-3.1649337673945843,1.0,2.3219599730916536,16.978197506919432,-5.207132733672838,30
SVI_Ind,-29.25449425611432,1.0,-1.7494289648422912,16.952484078275685,-5.3737379051582295,30
SVI_Ind,5.823176894493588,1.0,2.9579358543327605,16.799626510361357,-5.453306525019198,30
SVI_Ind,-7.5113096295358,1.0,4.9410783699711995,16.56964744049249,-5.0070167514384565,30
SVI_Ind,20.764404593474804,1.0,-0.916858251425214,17.2114468768846,-4.826001732730916,30
SVI_Ind,-41.36594895653786,1.0,30.01708758666022,3.0108186271630997,-1.9026953014566779,30
SVI_Ind,-25.76199007518094,1.0,-7.151645094463848,15.998176062259425,-5.172039639084117,30
SVI_Ind,20.803682902077657,1.0,29.9856102238162,2.994055759923239,-1.8870174560842665,30
SVI_Ind,29.556254676034694,1.0,30.018242725974233,3.002412900037192,-1.8824756616288063,30
SVI_Ind,14.579288920916412,1.0,30.013263313240955,2.997471546341789,-1.9220788618562792,30
SVI_Ind,-37.19186913193005,1.0,-30.013404551537004,3.0143019838369773,-1.9256365309213859,30
SVI_Ind,-47.46810180882081,1.0,30.013293006238253,3.012995887629374,-1.8961380981075577,30
SVI_Ind,-9.971731400071848,1.0,11.852481104716347,15.006806925793398,-5.331413709039097,30
SVI_Ind,15.872320126690385,1.0,29.983535048482707,3.00143565143495,-1.8733261002974362,30
SVI_Ind,-19.186723244246405,1.0,10.238209113773504,15.152974791018204,-5.117974737332892,30
SVI_Ind,8.824747160180358,1.0,0.4800267037426677,17.19387888360296,-4.944122800358874,30
SVI_Ind,41.63081137391074,1.0,-7.001965336442946,16.088859691317346,-5.200792366115213,30
SVI_Ind,-17.948908502387148,1.0,-3.1776252286659865,16.764534559110665,-5.442102399369866,30
SVI_Ind,48.424767157966635,1.0,7.476249148286058,15.763814711911287,-5.267018596121071,30
SVI_Ind,49.68029695792468,1.0,-30.031293225960503,2.9883399516257083,-1.9065115284417375,30
SVI_Ind,21.366136692408922,1.0,30.00327931031586,2.9966563364881353,-1.8829279347751138,30
SVI_Ind,-40.465790485740854,1.0,30.012287254881826,2.99697104282505,-1.97563487073635,30
SVI_Ind,-23.24724330441305,1.0,0.013451321029363719,1.9921556645032397,-0.39394304518838297,30
SVI_Ind,-32.94282451345643,1.0,-2.3738925684294085,16.99101564316005,-4.917680962742337,30
SVI_Ind,-17.507886885378387,1.0,-1.783026109692102,17.076266904509303,-5.015318704752438,30
SVI_Ind,19.483248282064714,1.0,-30.007978568422157,2.9959398747354355,-1.8861310187674167,30
